{"cameraMode":{"drawMode":0,"name":"Shaded","section":"Shading Mode"},"sceneLighting":true,"audioPlay":false,"sceneViewState":{"showFog":true,"showMaterialUpdate":true,"showSkybox":true,"showFlares":true,"showImageEffects":true,"showParticleSystems":true},"in2DMode":false,"pivot":{"x":-0.09035781770944596,"y":5.300152778625488,"z":2.4168503284454347},"rotation":{"x":-0.2615399956703186,"y":-0.5216104388237,"z":0.17187801003456117,"w":-0.7937156558036804},"size":12.461819648742676,"orthographic":false}